﻿<?xml version="1.0" encoding="utf-8" ?>
<data>

  <Event>
    <EventName>Thursdays in the City</EventName>
    <EventDate>4/28/2011</EventDate>
    <URL>http://www.buffaloplace.com/app.aspx/app.aspx?st=10100&e=eventdetail&eid=2125</URL>
    <IMG>thursdays.jpg</IMG>
    <EventInfo>
      <![CDATA[ 
        February 11, 2011 <br />
        Lake Erie Basin Marina, <br />
        Downtown Buffalo*<br />
      ]]>
    </EventInfo>
  </Event>

  <Event>
    <EventName>Thdfghdfgdfggdty</EventName>
    <EventDate>4/28/2011</EventDate>
    <URL>http://www.buffaloplace.com/app.aspx/app.aspx?st=10100&e=eventdetail&eid=2125</URL>
    <IMG>thursdays.jpg</IMG>
    <EventInfo>
      <![CDATA[ 
        sdfgdgghgfhhjfhghb
      ]]>
    </EventInfo>
  </Event>

</data>
