<?xml version="1.0" encoding="utf-8" ?>
<dwsync>
<file name="bus.jpg" server="ftp.niagarafrontiertransportationauthority.com//" local="129007840200000000" remote="129007840200000000" />
<file name="f_op.jpg" server="ftp.niagarafrontiertransportationauthority.com//" local="129007840200000000" remote="129007840200000000" />
<file name="genesee.jpg" server="ftp.niagarafrontiertransportationauthority.com//" local="129007840200000000" remote="129007840200000000" />
<file name="link_shuttle.jpg" server="ftp.niagarafrontiertransportationauthority.com//" local="129007840200000000" remote="129007840200000000" />
<file name="rail.jpg" server="ftp.niagarafrontiertransportationauthority.com//" local="129007840200000000" remote="129007840200000000" />
<file name="snowy-3.jpg" server="ftp.niagarafrontiertransportationauthority.com//" local="129007840200000000" remote="129007840200000000" />
<file name="trolley.jpg" server="ftp.niagarafrontiertransportationauthority.com//" local="129007840200000000" remote="129007840200000000" />
<file name="wagons.jpg" server="ftp.niagarafrontiertransportationauthority.com//" local="129007840800000000" remote="129007840800000000" />
</dwsync>