<?xml version="1.0" encoding="utf-8" ?>
<dwsync>
<file name="billsexpress.jpg" server="ftp.niagarafrontiertransportationauthority.com//" local="129012144600000000" remote="129012144600000000" />
<file name="billslogo.jpg" server="ftp.niagarafrontiertransportationauthority.com//" local="129012144600000000" remote="129012144600000000" />
<file name="btn-accesspass-o.jpg" server="ftp.niagarafrontiertransportationauthority.com//" local="129007838400000000" remote="129007838400000000" />
<file name="btn-accesspass.jpg" server="ftp.niagarafrontiertransportationauthority.com//" local="129007838400000000" remote="129007838400000000" />
<file name="btn-advantage-employees-o.jpg" server="ftp.niagarafrontiertransportationauthority.com//" local="129011971800000000" remote="129011971800000000" />
<file name="btn-advantage-employees.jpg" server="ftp.niagarafrontiertransportationauthority.com//" local="129011971800000000" remote="129011971800000000" />
<file name="btn-advantage-employers-o.jpg" server="ftp.niagarafrontiertransportationauthority.com//" local="129011971800000000" remote="129011971800000000" />
<file name="btn-advantage-employers.jpg" server="ftp.niagarafrontiertransportationauthority.com//" local="129011971800000000" remote="129011971800000000" />
<file name="btn-advantage-o.jpg" server="ftp.niagarafrontiertransportationauthority.com//" local="129011971800000000" remote="129011971800000000" />
<file name="btn-advantage-PAL-o.jpg" server="ftp.niagarafrontiertransportationauthority.com//" local="129011971800000000" remote="129011971800000000" />
<file name="btn-advantage-PAL.jpg" server="ftp.niagarafrontiertransportationauthority.com//" local="129011971800000000" remote="129011971800000000" />
<file name="btn-advantage.jpg" server="ftp.niagarafrontiertransportationauthority.com//" local="129011971800000000" remote="129011971800000000" />
<file name="btn-airport-o.jpg" server="ftp.niagarafrontiertransportationauthority.com//" local="129007838400000000" remote="129007838400000000" />
<file name="btn-airport.jpg" server="ftp.niagarafrontiertransportationauthority.com//" local="129007838400000000" remote="129007838400000000" />
<file name="btn-alert-2-o.jpg" server="ftp.niagarafrontiertransportationauthority.com//" local="129007838400000000" remote="129007838400000000" />
<file name="btn-alert-2.jpg" server="ftp.niagarafrontiertransportationauthority.com//" local="129007838400000000" remote="129007838400000000" />
<file name="btn-alert-o.jpg" server="ftp.niagarafrontiertransportationauthority.com//" local="129007838400000000" remote="129007838400000000" />
<file name="btn-alert.jpg" server="ftp.niagarafrontiertransportationauthority.com//" local="129007838400000000" remote="129007838400000000" />
<file name="btn-contact-o.gif" server="ftp.niagarafrontiertransportationauthority.com//" local="129007838400000000" remote="129007838400000000" />
<file name="btn-contact.gif" server="ftp.niagarafrontiertransportationauthority.com//" local="129007838400000000" remote="129007838400000000" />
<file name="btn-extras-o.jpg" server="ftp.niagarafrontiertransportationauthority.com//" local="129007838400000000" remote="129007838400000000" />
<file name="btn-gameday-o.jpg" server="ftp.niagarafrontiertransportationauthority.com//" local="129007838400000000" remote="129007838400000000" />
<file name="btn-gameday.jpg" server="ftp.niagarafrontiertransportationauthority.com//" local="129007838400000000" remote="129007838400000000" />
<file name="btn-next-o.gif" server="ftp.niagarafrontiertransportationauthority.com//" local="129007838400000000" remote="129007838400000000" />
<file name="btn-next.gif" server="ftp.niagarafrontiertransportationauthority.com//" local="129007838400000000" remote="129007838400000000" />
<file name="btn-pal-o.jpg" server="ftp.niagarafrontiertransportationauthority.com//" local="129007838400000000" remote="129007838400000000" />
<file name="btn-pal.jpg" server="ftp.niagarafrontiertransportationauthority.com//" local="129007838400000000" remote="129007838400000000" />
<file name="btn-prev-o.gif" server="ftp.niagarafrontiertransportationauthority.com//" local="129007838400000000" remote="129007838400000000" />
<file name="btn-prev.gif" server="ftp.niagarafrontiertransportationauthority.com//" local="129007838400000000" remote="129007838400000000" />
<file name="btn-rideralert-o.gif" server="ftp.niagarafrontiertransportationauthority.com//" local="129007838400000000" remote="129007838400000000" />
<file name="btn-rideralert.gif" server="ftp.niagarafrontiertransportationauthority.com//" local="129007838400000000" remote="129007838400000000" />
<file name="btn-routes-info-o.gif" server="ftp.niagarafrontiertransportationauthority.com//" local="129011250600000000" remote="129011250600000000" />
<file name="btn-routes-info.gif" server="ftp.niagarafrontiertransportationauthority.com//" local="129011250600000000" remote="129011250600000000" />
<file name="btn-routes-jpg-o.gif" server="ftp.niagarafrontiertransportationauthority.com//" local="129011250600000000" remote="129011250600000000" />
<file name="btn-routes-jpg.gif" server="ftp.niagarafrontiertransportationauthority.com//" local="129011250600000000" remote="129011250600000000" />
<file name="btn-routes-schedule-o.gif" server="ftp.niagarafrontiertransportationauthority.com//" local="129011250600000000" remote="129011250600000000" />
<file name="btn-routes-schedule.gif" server="ftp.niagarafrontiertransportationauthority.com//" local="129011250600000000" remote="129011250600000000" />
<file name="btn-send.jpg" server="ftp.niagarafrontiertransportationauthority.com//" local="129007838400000000" remote="129007838400000000" />
<file name="btn-sent-o.jpg" server="ftp.niagarafrontiertransportationauthority.com//" local="129007838400000000" remote="129007838400000000" />
<file name="btn-tranistwatch-o.jpg" server="ftp.niagarafrontiertransportationauthority.com//" local="129007838400000000" remote="129007838400000000" />
<file name="btn-tranistwatch.jpg" server="ftp.niagarafrontiertransportationauthority.com//" local="129007838400000000" remote="129007838400000000" />
<file name="btn-transit-fade.jpg" server="ftp.niagarafrontiertransportationauthority.com//" local="129007838400000000" remote="129007838400000000" />
<file name="btn-transit-o.jpg" server="ftp.niagarafrontiertransportationauthority.com//" local="129007839000000000" remote="129007839000000000" />
<file name="btn-transit.jpg" server="ftp.niagarafrontiertransportationauthority.com//" local="129007839000000000" remote="129007839000000000" />
<file name="btn-transitwatch-o.jpg" server="ftp.niagarafrontiertransportationauthority.com//" local="129007839000000000" remote="129007839000000000" />
<file name="btn-transitwatch.jpg" server="ftp.niagarafrontiertransportationauthority.com//" local="129007839000000000" remote="129007839000000000" />
<file name="btn-tripAdvanced-o.png" server="ftp.niagarafrontiertransportationauthority.com//" local="129007839000000000" remote="129007839000000000" />
<file name="btn-tripAdvanced.png" server="ftp.niagarafrontiertransportationauthority.com//" local="129007839000000000" remote="129007839000000000" />
<file name="btn-tripBasic.png" server="ftp.niagarafrontiertransportationauthority.com//" local="129007839000000000" remote="129007839000000000" />
<file name="btn-tripGoogle.png" server="ftp.niagarafrontiertransportationauthority.com//" local="129007839000000000" remote="129007839000000000" />
<file name="btn-tripplanner-o.jpg" server="ftp.niagarafrontiertransportationauthority.com//" local="129007839000000000" remote="129007839000000000" />
<file name="btn-tripplanner.jpg" server="ftp.niagarafrontiertransportationauthority.com//" local="129007839000000000" remote="129007839000000000" />
<file name="btn-viewall-o.gif" server="ftp.niagarafrontiertransportationauthority.com//" local="129007839000000000" remote="129007839000000000" />
<file name="btn-viewall.gif" server="ftp.niagarafrontiertransportationauthority.com//" local="129007839000000000" remote="129007839000000000" />
<file name="btn-visiting-o.jpg" server="ftp.niagarafrontiertransportationauthority.com//" local="129007839000000000" remote="129007839000000000" />
<file name="btn-visiting.jpg" server="ftp.niagarafrontiertransportationauthority.com//" local="129007839000000000" remote="129007839000000000" />
<file name="btn-xtras.jpg" server="ftp.niagarafrontiertransportationauthority.com//" local="129007839000000000" remote="129007839000000000" />
<file name="bg-footer.png" server="ftp.niagarafrontiertransportationauthority.com//" local="129007839600000000" remote="129007839600000000" />
<file name="bg-all.jpg" server="ftp.niagarafrontiertransportationauthority.com//" local="129007839600000000" remote="129007839600000000" />
<file name="bg-all.png" server="ftp.niagarafrontiertransportationauthority.com//" local="129007839600000000" remote="129007839600000000" />
<file name="bg-banner.gif" server="ftp.niagarafrontiertransportationauthority.com//" local="129007839600000000" remote="129007839600000000" />
<file name="bg-body.jpg" server="ftp.niagarafrontiertransportationauthority.com//" local="129007839600000000" remote="129007839600000000" />
<file name="bg-main.gif" server="ftp.niagarafrontiertransportationauthority.com//" local="129007839600000000" remote="129007839600000000" />
<file name="bg-mainNav.jpg" server="ftp.niagarafrontiertransportationauthority.com//" local="129007839600000000" remote="129007839600000000" />
<file name="bg-nav.jpg" server="ftp.niagarafrontiertransportationauthority.com//" local="129007839600000000" remote="129007839600000000" />
<file name="bg-navHover.gif" server="ftp.niagarafrontiertransportationauthority.com//" local="129007839600000000" remote="129007839600000000" />
<file name="bg-navHover.png" server="ftp.niagarafrontiertransportationauthority.com//" local="129007839600000000" remote="129007839600000000" />
<file name="bg-navLink.png" server="ftp.niagarafrontiertransportationauthority.com//" local="129007839600000000" remote="129007839600000000" />
<file name="bg-navShort.jpg" server="ftp.niagarafrontiertransportationauthority.com//" local="129007839600000000" remote="129007839600000000" />
<file name="bg-sidebar.jpg" server="ftp.niagarafrontiertransportationauthority.com//" local="129007839600000000" remote="129007839600000000" />
<file name="bg-tools.gif" server="ftp.niagarafrontiertransportationauthority.com//" local="129007839600000000" remote="129007839600000000" />
<file name="favicon.ico" server="ftp.niagarafrontiertransportationauthority.com//" local="129011081400000000" remote="129011081400000000" />
<file name="s.gif" server="ftp.niagarafrontiertransportationauthority.com//" local="129011290200000000" remote="129011290200000000" />
<file name="employee-pass-o.jpg" server="ftp.niagarafrontiertransportationauthority.com//" local="129011976000000000" remote="129011976000000000" />
<file name="employee-pass.jpg" server="ftp.niagarafrontiertransportationauthority.com//" local="129011976000000000" remote="129011976000000000" />
<file name="employers-pass-o.jpg" server="ftp.niagarafrontiertransportationauthority.com//" local="129011976000000000" remote="129011976000000000" />
<file name="employers-pass.jpg" server="ftp.niagarafrontiertransportationauthority.com//" local="129011976000000000" remote="129011976000000000" />
<file name="Fuel-Gauge.jpg" server="ftp.niagarafrontiertransportationauthority.com//" local="129011976000000000" remote="129011976000000000" />
<file name="Map-AdamsMark-400-o.jpg" server="ftp.niagarafrontiertransportationauthority.com//" local="129011976600000000" remote="129011976600000000" />
<file name="Map-AdamsMark-400.jpg" server="ftp.niagarafrontiertransportationauthority.com//" local="129011976600000000" remote="129011976600000000" />
<file name="Map-AdamsMark-tn-o.jpg" server="ftp.niagarafrontiertransportationauthority.com//" local="129011976600000000" remote="129011976600000000" />
<file name="Map-AdamsMark-tn.jpg" server="ftp.niagarafrontiertransportationauthority.com//" local="129011976600000000" remote="129011976600000000" />
<file name="Map-AdamsMark.jpg" server="ftp.niagarafrontiertransportationauthority.com//" local="129011976600000000" remote="129011976600000000" />
<file name="map-buffalo-o.jpg" server="ftp.niagarafrontiertransportationauthority.com//" local="129011976600000000" remote="129011976600000000" />
<file name="map-buffalo.jpg" server="ftp.niagarafrontiertransportationauthority.com//" local="129011976600000000" remote="129011976600000000" />
<file name="Map-BuffState-400-o.jpg" server="ftp.niagarafrontiertransportationauthority.com//" local="129011976600000000" remote="129011976600000000" />
<file name="Map-BuffState-400.jpg" server="ftp.niagarafrontiertransportationauthority.com//" local="129011976600000000" remote="129011976600000000" />
<file name="Map-BuffState-tn-o.jpg" server="ftp.niagarafrontiertransportationauthority.com//" local="129011976600000000" remote="129011976600000000" />
<file name="Map-BuffState-tn.jpg" server="ftp.niagarafrontiertransportationauthority.com//" local="129011976600000000" remote="129011976600000000" />
<file name="Map-BuffState.jpg" server="ftp.niagarafrontiertransportationauthority.com//" local="129011976600000000" remote="129011976600000000" />
<file name="map-erie-o.jpg" server="ftp.niagarafrontiertransportationauthority.com//" local="129011976600000000" remote="129011976600000000" />
<file name="map-erie.jpg" server="ftp.niagarafrontiertransportationauthority.com//" local="129011976600000000" remote="129011976600000000" />
<file name="map-nf-o.jpg" server="ftp.niagarafrontiertransportationauthority.com//" local="129011976600000000" remote="129011976600000000" />
<file name="map-nf.jpg" server="ftp.niagarafrontiertransportationauthority.com//" local="129011977200000000" remote="129011977200000000" />
<file name="map-niagara-o.jpg" server="ftp.niagarafrontiertransportationauthority.com//" local="129011977200000000" remote="129011977200000000" />
<file name="map-niagara.jpg" server="ftp.niagarafrontiertransportationauthority.com//" local="129011977200000000" remote="129011977200000000" />
<file name="map-rail-o.jpg" server="ftp.niagarafrontiertransportationauthority.com//" local="129011977200000000" remote="129011977200000000" />
<file name="map-rail.jpg" server="ftp.niagarafrontiertransportationauthority.com//" local="129011977200000000" remote="129011977200000000" />
<file name="map-zone-o.jpg" server="ftp.niagarafrontiertransportationauthority.com//" local="129011977200000000" remote="129011977200000000" />
<file name="map-zone.jpg" server="ftp.niagarafrontiertransportationauthority.com//" local="129011977200000000" remote="129011977200000000" />
<file name="mapKey.gif" server="ftp.niagarafrontiertransportationauthority.com//" local="129012806400000000" remote="129012806400000000" />
<file name="advantage-with-pal.gif" server="ftp.niagarafrontiertransportationauthority.com//" local="129011983200000000" remote="129011983200000000" />
<file name="advantage-with.gif" server="ftp.niagarafrontiertransportationauthority.com//" local="129011983200000000" remote="129011983200000000" />
<file name="advantage-without.gif" server="ftp.niagarafrontiertransportationauthority.com//" local="129011983200000000" remote="129011983200000000" />
<file name="zone.gif" server="ftp.niagarafrontiertransportationauthority.com//" local="129011983800000000" remote="129011983800000000" />
<file name="zonemap.jpg" server="ftp.niagarafrontiertransportationauthority.com//" local="129011983800000000" remote="129011983800000000" />
<file name="PAL-pass-employeer-o.jpg" server="ftp.niagarafrontiertransportationauthority.com//" local="129011984400000000" remote="129011984400000000" />
<file name="PAL-pass-employeer.jpg" server="ftp.niagarafrontiertransportationauthority.com//" local="129011984400000000" remote="129011984400000000" />
<file name="PAL-pass-o.jpg" server="ftp.niagarafrontiertransportationauthority.com//" local="129011984400000000" remote="129011984400000000" />
<file name="PAL-pass.jpg" server="ftp.niagarafrontiertransportationauthority.com//" local="129011984400000000" remote="129011984400000000" />
<file name="BNIA.jpg" server="ftp.niagarafrontiertransportationauthority.com//" local="129012073200000000" remote="129012073200000000" />
<file name="takeSurvey-banner.gif" server="ftp.niagarafrontiertransportationauthority.com//" local="129012149400000000" remote="129012149400000000" />
<file name="takeSurvey.gif" server="ftp.niagarafrontiertransportationauthority.com//" local="129012149400000000" remote="129012149400000000" />
<file name="railmap.jpg" server="ftp.niagarafrontiertransportationauthority.com//" local="129012870600000000" remote="129012870600000000" />
<file name="Rail-map.gif" server="ftp.niagarafrontiertransportationauthority.com//" local="129012870600000000" remote="129012870600000000" />
<file name="Rail-map.jpg" server="ftp.niagarafrontiertransportationauthority.com//" local="129012870600000000" remote="129012870600000000" />
<file name="headed-bills-o.gif" server="ftp.niagarafrontiertransportationauthority.com//" local="129012193800000000" remote="129012193800000000" />
<file name="headed-bills.gif" server="ftp.niagarafrontiertransportationauthority.com//" local="129012193800000000" remote="129012193800000000" />
<file name="headed-bisons-o.gif" server="ftp.niagarafrontiertransportationauthority.com//" local="129012193800000000" remote="129012193800000000" />
<file name="headed-bisons.gif" server="ftp.niagarafrontiertransportationauthority.com//" local="129012193800000000" remote="129012193800000000" />
<file name="headed-sabres-o.gif" server="ftp.niagarafrontiertransportationauthority.com//" local="129012193800000000" remote="129012193800000000" />
<file name="headed-sabres.gif" server="ftp.niagarafrontiertransportationauthority.com//" local="129012193800000000" remote="129012193800000000" />
<file name="billsfans.jpg" server="ftp.niagarafrontiertransportationauthority.com//" local="129012779400000000" remote="129012779400000000" />
<file name="sabres.png" server="ftp.niagarafrontiertransportationauthority.com//" local="129012780000000000" remote="129012780000000000" />
<file name="colorcode-bus.gif" server="ftp.niagarafrontiertransportationauthority.com//" local="129012784200000000" remote="129012784200000000" />
<file name="colorcode-sign.gif" server="ftp.niagarafrontiertransportationauthority.com//" local="129012784200000000" remote="129012784200000000" />
<file name="colorcode.jpg" server="ftp.niagarafrontiertransportationauthority.com//" local="129012784200000000" remote="129012784200000000" />
<file name="gmap-park.png" server="ftp.niagarafrontiertransportationauthority.com//" local="129012808200000000" remote="129012808200000000" />
<file name="gmap-shadow.png" server="ftp.niagarafrontiertransportationauthority.com//" local="129012808200000000" remote="129012808200000000" />
<file name="gmap-transit.png" server="ftp.niagarafrontiertransportationauthority.com//" local="129012808200000000" remote="129012808200000000" />
<file name="trolley.jpg" server="ftp.niagarafrontiertransportationauthority.com//" local="129012817800000000" remote="129012817800000000" />
<file name="ulAlerts.png" server="ftp.niagarafrontiertransportationauthority.com//" local="129012817800000000" remote="129012817800000000" />
<file name="ulHome.png" server="ftp.niagarafrontiertransportationauthority.com//" local="129012817800000000" remote="129012817800000000" />
<file name="ulHowToRide.png" server="ftp.niagarafrontiertransportationauthority.com//" local="129012817800000000" remote="129012817800000000" />
<file name="ulMaps.png" server="ftp.niagarafrontiertransportationauthority.com//" local="129012817800000000" remote="129012817800000000" />
<file name="ulParkRide.png" server="ftp.niagarafrontiertransportationauthority.com//" local="129012817800000000" remote="129012817800000000" />
<file name="ulSchedules.png" server="ftp.niagarafrontiertransportationauthority.com//" local="129012817800000000" remote="129012817800000000" />
<file name="ulSpecialServices.png" server="ftp.niagarafrontiertransportationauthority.com//" local="129012817800000000" remote="129012817800000000" />
<file name="ulTripPlanner.png" server="ftp.niagarafrontiertransportationauthority.com//" local="129012817800000000" remote="129012817800000000" />
<file name="primaryNav.gif" server="ftp.niagarafrontiertransportationauthority.com//" local="129012819600000000" remote="129012819600000000" />
<file name="signIcon.gif" server="ftp.niagarafrontiertransportationauthority.com//" local="129012823200000000" remote="129012823200000000" />
<file name="button_plan_trip_bg.gif" server="ftp.niagarafrontiertransportationauthority.com//" local="129012865800000000" remote="129012865800000000" />
<file name="button_reset_trip_bg.gif" server="ftp.niagarafrontiertransportationauthority.com//" local="129012865800000000" remote="129012865800000000" />
<file name="button_stops.gif" server="ftp.niagarafrontiertransportationauthority.com//" local="129012865800000000" remote="129012865800000000" />
<file name="button_trip_plan.gif" server="ftp.niagarafrontiertransportationauthority.com//" local="129012865800000000" remote="129012865800000000" />
<file name="button_trip_schedule.gif" server="ftp.niagarafrontiertransportationauthority.com//" local="129012865800000000" remote="129012865800000000" />
<file name="button_trip_service.gif" server="ftp.niagarafrontiertransportationauthority.com//" local="129012865800000000" remote="129012865800000000" />
<file name="button_trip_stops.gif" server="ftp.niagarafrontiertransportationauthority.com//" local="129012865800000000" remote="129012865800000000" />
<file name="li-icon.gif" server="ftp.niagarafrontiertransportationauthority.com//" local="129012823800000000" remote="129012823800000000" />
<file name="syp-2009-pass.jpg" server="ftp.niagarafrontiertransportationauthority.com//" local="129012830400000000" remote="129012830400000000" />
<file name="syp-2009.jpg" server="ftp.niagarafrontiertransportationauthority.com//" local="129012830400000000" remote="129012830400000000" />
<file name="card-30day.jpg" server="ftp.niagarafrontiertransportationauthority.com//" local="129132073200000000" remote="129132073200000000" />
<file name="card-monthly.jpg" server="ftp.niagarafrontiertransportationauthority.com//" local="129132073200000000" remote="129132073200000000" />
<file name="card-xtras.jpg" server="ftp.niagarafrontiertransportationauthority.com//" local="129012843000000000" remote="129012843000000000" />
<file name="destinations.jpg" server="ftp.niagarafrontiertransportationauthority.com//" local="129012844800000000" remote="129012844800000000" />
<file name="corner-left.png" server="ftp.niagarafrontiertransportationauthority.com//" local="129012845400000000" remote="129012845400000000" />
<file name="corner-right.png" server="ftp.niagarafrontiertransportationauthority.com//" local="129012845400000000" remote="129012845400000000" />
<file name="college-bryant-fall-nolink.jpg" server="ftp.niagarafrontiertransportationauthority.com//" local="129012847200000000" remote="129012847200000000" />
<file name="college-bryant-fall-o.jpg" server="ftp.niagarafrontiertransportationauthority.com//" local="129012847200000000" remote="129012847200000000" />
<file name="college-bryant-fall.jpg" server="ftp.niagarafrontiertransportationauthority.com//" local="129012847200000000" remote="129012847200000000" />
<file name="college-bryant-spring-nolink.jpg" server="ftp.niagarafrontiertransportationauthority.com//" local="129012847200000000" remote="129012847200000000" />
<file name="college-bryant-spring-o.jpg" server="ftp.niagarafrontiertransportationauthority.com//" local="129012847200000000" remote="129012847200000000" />
<file name="college-bryant-spring.jpg" server="ftp.niagarafrontiertransportationauthority.com//" local="129012847200000000" remote="129012847200000000" />
<file name="college-bryant-winter-nolink.jpg" server="ftp.niagarafrontiertransportationauthority.com//" local="129012847200000000" remote="129012847200000000" />
<file name="college-bryant-winter-o.jpg" server="ftp.niagarafrontiertransportationauthority.com//" local="129012847200000000" remote="129012847200000000" />
<file name="college-bryant-winter.jpg" server="ftp.niagarafrontiertransportationauthority.com//" local="129012847200000000" remote="129012847200000000" />
<file name="college-bsc-nolink.jpg" server="ftp.niagarafrontiertransportationauthority.com//" local="129276640583242192" remote="129276533400000000" />
<file name="college-bsc-o.jpg" server="ftp.niagarafrontiertransportationauthority.com//" local="129276640375312496" remote="129276533400000000" />
<file name="college-bsc.jpg" server="ftp.niagarafrontiertransportationauthority.com//" local="129276641245156256" remote="129276533400000000" />
<file name="college-canisius-nolink.jpg" server="ftp.niagarafrontiertransportationauthority.com//" local="129012847800000000" remote="129012847800000000" />
<file name="college-canisius-o.jpg" server="ftp.niagarafrontiertransportationauthority.com//" local="129012847800000000" remote="129012847800000000" />
<file name="college-canisius.jpg" server="ftp.niagarafrontiertransportationauthority.com//" local="129012847800000000" remote="129012847800000000" />
<file name="college-ecc-nolink.jpg" server="ftp.niagarafrontiertransportationauthority.com//" local="129012847800000000" remote="129012847800000000" />
<file name="college-ecc-o.jpg" server="ftp.niagarafrontiertransportationauthority.com//" local="129012847800000000" remote="129012847800000000" />
<file name="college-ecc.jpg" server="ftp.niagarafrontiertransportationauthority.com//" local="129012847800000000" remote="129012847800000000" />
<file name="college-medaille-nolink.jpg" server="ftp.niagarafrontiertransportationauthority.com//" local="129012847800000000" remote="129012847800000000" />
<file name="college-medaille-o.jpg" server="ftp.niagarafrontiertransportationauthority.com//" local="129012847800000000" remote="129012847800000000" />
<file name="college-medaille.jpg" server="ftp.niagarafrontiertransportationauthority.com//" local="129012847800000000" remote="129012847800000000" />
<file name="eccWrap.JPG" server="ftp.niagarafrontiertransportationauthority.com//" local="129012850200000000" remote="129012850200000000" />
<file name="or.gif" server="ftp.niagarafrontiertransportationauthority.com//" local="129012858000000000" remote="129012858000000000" />
<file name="addressinfo.gif" server="ftp.niagarafrontiertransportationauthority.com//" local="129012862200000000" remote="129012862200000000" />
<file name="logo_trip_planner.gif" server="ftp.niagarafrontiertransportationauthority.com//" local="129012862200000000" remote="129012862200000000" />
<file name="legend1.gif" server="ftp.niagarafrontiertransportationauthority.com//" local="129012862200000000" remote="129012862200000000" />
<file name="legend2.gif" server="ftp.niagarafrontiertransportationauthority.com//" local="129012862200000000" remote="129012862200000000" />
<file name="legend3.gif" server="ftp.niagarafrontiertransportationauthority.com//" local="129012862200000000" remote="129012862200000000" />
<file name="legend4.gif" server="ftp.niagarafrontiertransportationauthority.com//" local="129012862200000000" remote="129012862200000000" />
<file name="safeplace.gif" server="ftp.niagarafrontiertransportationauthority.com//" local="129012868200000000" remote="129012868200000000" />
<file name="Safety-Sheet.jpg" server="ftp.niagarafrontiertransportationauthority.com//" local="129012868200000000" remote="129012868200000000" />
<file name="ride-bus-o.jpg" server="ftp.niagarafrontiertransportationauthority.com//" local="129012870600000000" remote="129012870600000000" />
<file name="ride-bus.jpg" server="ftp.niagarafrontiertransportationauthority.com//" local="129012870600000000" remote="129012870600000000" />
<file name="ride-rail-o.jpg" server="ftp.niagarafrontiertransportationauthority.com//" local="129012870600000000" remote="129012870600000000" />
<file name="ride-rail.jpg" server="ftp.niagarafrontiertransportationauthority.com//" local="129012870600000000" remote="129012870600000000" />
<file name="stop.gif" server="ftp.niagarafrontiertransportationauthority.com//" local="129012871800000000" remote="129012871800000000" />
<file name="viewSchedule-es-o.gif" server="ftp.niagarafrontiertransportationauthority.com//" local="129012879600000000" remote="129012879600000000" />
<file name="viewSchedule-es.gif" server="ftp.niagarafrontiertransportationauthority.com//" local="129012879600000000" remote="129012879600000000" />
<file name="viewSchedule-o.gif" server="ftp.niagarafrontiertransportationauthority.com//" local="129012879600000000" remote="129012879600000000" />
<file name="viewSchedule.gif" server="ftp.niagarafrontiertransportationauthority.com//" local="129012879600000000" remote="129012879600000000" />
<file name="adv-back.jpg" server="ftp.niagarafrontiertransportationauthority.com//" local="129016416000000000" remote="129016416000000000" />
<file name="adv-eccwrap.jpg" server="ftp.niagarafrontiertransportationauthority.com//" local="129016416000000000" remote="129016416000000000" />
<file name="adv-midas.jpg" server="ftp.niagarafrontiertransportationauthority.com//" local="129016416000000000" remote="129016416000000000" />
<file name="adv-rail.jpg" server="ftp.niagarafrontiertransportationauthority.com//" local="129016416000000000" remote="129016416000000000" />
<file name="adv-shelter.jpg" server="ftp.niagarafrontiertransportationauthority.com//" local="129016416000000000" remote="129016416000000000" />
<file name="adv-wnyjobs.jpg" server="ftp.niagarafrontiertransportationauthority.com//" local="129016416000000000" remote="129016416000000000" />
<file name="area-b-o.jpg" server="ftp.niagarafrontiertransportationauthority.com//" local="129019819200000000" remote="129019819200000000" />
<file name="area-b.jpg" server="ftp.niagarafrontiertransportationauthority.com//" local="129019819200000000" remote="129019819200000000" />
<file name="area-n-o.jpg" server="ftp.niagarafrontiertransportationauthority.com//" local="129019819200000000" remote="129019819200000000" />
<file name="area-n.jpg" server="ftp.niagarafrontiertransportationauthority.com//" local="129019819200000000" remote="129019819200000000" />
<file name="reroutewash.jpg" server="ftp.niagarafrontiertransportationauthority.com//" local="129092434800000000" remote="129092434800000000" />
<file name="summitmaps.gif" server="ftp.niagarafrontiertransportationauthority.com//" local="129092434800000000" remote="129092434800000000" />
<file name="button-back.gif" server="ftp.niagarafrontiertransportationauthority.com//" local="129114094200000000" remote="129114094200000000" />
<file name="survey-o.gif" server="ftp.niagarafrontiertransportationauthority.com//" local="129115629600000000" remote="129115629600000000" />
<file name="survey.gif" server="ftp.niagarafrontiertransportationauthority.com//" local="129115629600000000" remote="129115629600000000" />
<file name="buypass.gif" server="ftp.niagarafrontiertransportationauthority.com//" local="129170129400000000" remote="129170129400000000" />
<file name="buypasslogos.gif" server="ftp.niagarafrontiertransportationauthority.com//" local="129158017800000000" remote="129158017800000000" />
<file name="Basketball.jpg" server="ftp.niagarafrontiertransportationauthority.com//" local="129091714800000000" remote="129091714800000000" />
<file name="SYP.jpg" server="ftp.niagarafrontiertransportationauthority.com//" local="129173706000000000" remote="129173706000000000" />
<file name="ValentinesDayArt.jpg" server="ftp.niagarafrontiertransportationauthority.com//" local="129096730200000000" remote="129096730200000000" />
<file name="btn-mondayMarket-o.gif" server="ftp.niagarafrontiertransportationauthority.com//" local="129253219200000000" remote="129253219200000000" />
<file name="btn-mondayMarket.gif" server="ftp.niagarafrontiertransportationauthority.com//" local="129253219200000000" remote="129253219200000000" />
<file name="mondayMarket.gif" server="ftp.niagarafrontiertransportationauthority.com//" local="129249739200000000" remote="129249739200000000" />
<file name="btn-vendor.gif" server="ftp.niagarafrontiertransportationauthority.com//" local="129253117200000000" remote="129253117200000000" />
<file name="btn-vendor-o.gif" server="ftp.niagarafrontiertransportationauthority.com//" local="129253117200000000" remote="129253117200000000" />
<file name="MME-background.jpg" server="ftp.niagarafrontiertransportationauthority.com//" local="129254915400000000" remote="129254915400000000" />
<file name="headed-coca-o.gif" server="ftp.niagarafrontiertransportationauthority.com//" local="129254962200000000" remote="129254962200000000" />
<file name="headed-coca.gif" server="ftp.niagarafrontiertransportationauthority.com//" local="129254962200000000" remote="129254962200000000" />
<file name="headed-hsbc-o.gif" server="ftp.niagarafrontiertransportationauthority.com//" local="129254962200000000" remote="129254962200000000" />
<file name="headed-hsbc.gif" server="ftp.niagarafrontiertransportationauthority.com//" local="129254962200000000" remote="129254962200000000" />
<file name="btn-heading-o.gif" server="ftp.niagarafrontiertransportationauthority.com//" local="129255730800000000" remote="129255730800000000" />
<file name="btn-heading.gif" server="ftp.niagarafrontiertransportationauthority.com//" local="129255731400000000" remote="129255731400000000" />
<file name="btn-survey-o.gif" server="ftp.niagarafrontiertransportationauthority.com//" local="129255838432124613" remote="129255731400000000" />
<file name="btn-survey.gif" server="ftp.niagarafrontiertransportationauthority.com//" local="129255731400000000" remote="129255731400000000" />
<file name="MME-banner.gif" server="ftp.niagarafrontiertransportationauthority.com//" local="129255960685195312" remote="129255854400000000" />
<file name="kiosk.jpg" server="ftp.niagarafrontiertransportationauthority.com//" local="129265216800000000" remote="129265216800000000" />
<file name="Fairtable.gif" server="ftp.niagarafrontiertransportationauthority.com//" local="129265290000000000" remote="129265290000000000" />
<file name="ecctemp.jpg" server="ftp.niagarafrontiertransportationauthority.com//" local="129279264722206660" remote="129279157200000000" />
</dwsync>