<publishData>
  <publishTarget publishUrl="C:\Publish\NFTA-Metro\">
    <file relUrl="img/bg-footer.png" publishTime="10/23/2009 11:06:00" />
    <file relUrl="img/btn-vendor.gif" publishTime="08/03/2010 11:21:34" />
    <file relUrl="Routes/Gameday.aspx" publishTime="03/29/2011 14:04:30" />
    <file relUrl="img/button-back.gif" publishTime="02/23/2010 09:37:00" />
    <file relUrl="App_Data/Events.xml" publishTime="03/21/2011 11:03:40" />
    <file relUrl="img/viewSchedule.gif" publishTime="10/29/2009 07:06:00" />
    <file relUrl="img/adv-eccwrap.jpg" publishTime="11/02/2009 08:20:00" />
    <file relUrl="img/corner-left.png" publishTime="10/29/2009 06:09:00" />
    <file relUrl="img/btn-next-o.gif" publishTime="10/23/2009 11:04:00" />
    <file relUrl="Watch.aspx" publishTime="03/18/2011 14:08:02" />
    <file relUrl="img/kegwinterfest.gif" publishTime="02/10/2011 14:51:04" />
    <file relUrl="img/or.gif" publishTime="10/29/2009 06:30:00" />
    <file relUrl="img/map-niagara.jpg" publishTime="10/28/2009 06:02:00" />
    <file relUrl="Tips/SavingsCalc.html" publishTime="03/23/2011 12:44:30" />
    <file relUrl="img/114outside.jpg" publishTime="02/09/2011 11:32:18" />
    <file relUrl="CollegeECC.aspx" publishTime="03/25/2011 14:01:30" />
    <file relUrl="img/PAL-pass-employeer-o.jpg" publishTime="10/28/2009 06:14:00" />
    <file relUrl="img/trackwork.jpg" publishTime="03/14/2011 10:17:10" />
    <file relUrl="img/reroutewash.jpg" publishTime="01/29/2010 07:58:00" />
    <file relUrl="img/NFTA_kiosk2_v4_planner.jpg" publishTime="12/17/2008 23:00:00" />
    <file relUrl="img/Map-BuffState-tn.jpg" publishTime="10/28/2009 06:01:00" />
    <file relUrl="Web.config" publishTime="04/11/2011 08:44:54" />
    <file relUrl="Metro.aspx" publishTime="03/29/2011 07:59:12" />
    <file relUrl="img/btn-vendor-o.gif" publishTime="08/03/2010 11:21:58" />
    <file relUrl="img/legend2.gif" publishTime="10/29/2009 06:37:00" />
    <file relUrl="img/ride-rail.jpg" publishTime="10/29/2009 06:51:00" />
    <file relUrl="img/MME-Logo-Animated.gif" publishTime="02/09/2011 10:33:18" />
    <file relUrl="img/hockey-green.gif" publishTime="12/15/2010 15:15:46" />
    <file relUrl="img/map-rail-o.jpg" publishTime="10/28/2009 06:02:00" />
    <file relUrl="img/btn-rideralert.gif" publishTime="10/23/2009 11:04:00" />
    <file relUrl="Routes/Schedules.aspx" publishTime="03/29/2011 08:57:06" />
    <file relUrl="img/corner-right.png" publishTime="10/29/2009 06:09:00" />
    <file relUrl="img/college-bryant-spring-o.jpg" publishTime="10/29/2009 06:12:00" />
    <file relUrl="img/edge-right.png" publishTime="10/17/2008 00:00:00" />
    <file relUrl="bin/NFTA-Metro.pdb" publishTime="04/11/2011 08:45:10" />
    <file relUrl="img/ulRoutes.png" publishTime="03/18/2011 08:04:44" />
    <file relUrl="img/area-n-o.jpg" publishTime="11/06/2009 06:52:00" />
    <file relUrl="img/PAL-pass-employeer.jpg" publishTime="10/28/2009 06:14:00" />
    <file relUrl="News.aspx" publishTime="03/25/2011 14:20:26" />
    <file relUrl="img/Map-BuffState.jpg" publishTime="10/28/2009 06:01:00" />
    <file relUrl="img/Rail-map.gif" publishTime="10/29/2009 06:51:00" />
    <file relUrl="img/ecctemp.jpg" publishTime="09/02/2010 12:42:00" />
    <file relUrl="img/college-ecc.jpg" publishTime="10/29/2009 06:13:00" />
    <file relUrl="img/survey-o.gif" publishTime="02/25/2010 04:16:00" />
    <file relUrl="img/edge-bottom.png" publishTime="10/17/2008 00:00:00" />
    <file relUrl="img/headed-coca.gif" publishTime="08/05/2010 12:37:00" />
    <file relUrl="img/bg-all.png" publishTime="10/23/2009 11:06:00" />
    <file relUrl="Visitor.aspx" publishTime="03/29/2011 07:58:00" />
    <file relUrl="Alerts/RiderAlerts.aspx" publishTime="03/29/2011 08:24:34" />
    <file relUrl="img/ulSpecialServices.png" publishTime="10/29/2009 05:23:00" />
    <file relUrl="img/btn-advantage-PAL-o.jpg" publishTime="10/28/2009 05:53:00" />
    <file relUrl="pdfs/reporter6_08.txt" publishTime="06/30/2008 14:43:00" />
    <file relUrl="img/btn-prev-o.gif" publishTime="10/23/2009 11:04:00" />
    <file relUrl="img/GalleriaAlert.jpg" publishTime="05/14/2009 08:52:00" />
    <file relUrl="img/viewSchedule-o.gif" publishTime="10/29/2009 07:06:00" />
    <file relUrl="img/tripPlanner.png" publishTime="09/11/2008 11:27:54" />
    <file relUrl="img/college-bryant-fall-nolink.jpg" publishTime="10/29/2009 06:12:00" />
    <file relUrl="img/2011-worldhockey-banner.jpg" publishTime="12/15/2010 11:17:00" />
    <file relUrl="img/colorcode-bus.gif" publishTime="10/29/2009 04:27:00" />
    <file relUrl="img/Map-AdamsMark-tn.jpg" publishTime="10/28/2009 06:01:00" />
    <file relUrl="img/kiosk.jpg" publishTime="08/17/2010 09:28:00" />
    <file relUrl="img/114inside.jpg" publishTime="02/09/2011 11:32:08" />
    <file relUrl="img/college-medaille-o.jpg" publishTime="10/29/2009 06:13:00" />
    <file relUrl="img/parkride-sign.gif" publishTime="07/21/2009 11:52:40" />
    <file relUrl="img/PAL-pass-o.jpg" publishTime="10/28/2009 06:14:00" />
    <file relUrl="img/btn-advantage-employers-o.jpg" publishTime="10/28/2009 05:53:00" />
    <file relUrl="img/headed-bisons.gif" publishTime="10/28/2009 12:03:00" />
    <file relUrl="img/bg-all.jpg" publishTime="10/23/2009 11:06:00" />
    <file relUrl="img/li-icon.gif" publishTime="10/29/2009 05:33:00" />
    <file relUrl="img/btn-heading.gif" publishTime="08/06/2010 09:59:00" />
    <file relUrl="img/ulSchedules.png" publishTime="10/29/2009 05:23:00" />
    <file relUrl="Trip/Default.aspx" publishTime="03/31/2011 08:15:04" />
    <file relUrl="Routes/Default.aspx" publishTime="03/29/2011 14:55:14" />
    <file relUrl="img/tripPlanner.gif" publishTime="09/11/2008 11:23:08" />
    <file relUrl="img/btn-viewall.gif" publishTime="10/23/2009 11:05:00" />
    <file relUrl="img/btn-advantage-o.jpg" publishTime="10/28/2009 05:53:00" />
    <file relUrl="Alerts/Default.aspx" publishTime="04/08/2011 15:45:08" />
    <file relUrl="img/favicon.ico" publishTime="10/27/2009 05:09:00" />
    <file relUrl="img/travel-from.gif" publishTime="09/18/2008 08:10:00" />
    <file relUrl="img/btn-tripplanner.jpg" publishTime="10/23/2009 11:05:00" />
    <file relUrl="img/Fairtable.gif" publishTime="08/17/2010 11:30:00" />
    <file relUrl="img/btn-rideralert-o.gif" publishTime="10/23/2009 11:04:00" />
    <file relUrl="Special/Advantage-pal.aspx" publishTime="03/30/2011 10:31:14" />
    <file relUrl="img/mondayMarket.gif" publishTime="07/30/2010 13:30:18" />
    <file relUrl="img/btn-tripGoogle.png" publishTime="10/23/2009 11:05:00" />
    <file relUrl="img/sabres.png" publishTime="10/29/2009 04:20:00" />
    <file relUrl="img/logo-nfta.gif" publishTime="07/14/2009 15:01:00" />
    <file relUrl="img/adv-wnyjobs.jpg" publishTime="11/02/2009 08:20:00" />
    <file relUrl="Controls/PopularLocations.inc" publishTime="03/31/2011 11:08:16" />
    <file relUrl="img/college-bryant-o.jpg" publishTime="01/18/2011 08:53:28" />
    <file relUrl="img/college-canisius-o.jpg" publishTime="10/29/2009 06:13:00" />
    <file relUrl="Tips/Default.aspx" publishTime="03/29/2011 14:46:58" />
    <file relUrl="img/college-ub.jpg" publishTime="01/18/2011 10:19:34" />
    <file relUrl="Contact.aspx" publishTime="03/25/2011 14:50:04" />
    <file relUrl="js/domroll.js" publishTime="01/12/2011 12:28:52" />
    <file relUrl="img/santatrain.gif" publishTime="12/08/2010 08:47:18" />
    <file relUrl="img/college-bryant-spring-nolink.jpg" publishTime="10/29/2009 06:12:00" />
    <file relUrl="img/college-ub-o.jpg" publishTime="01/18/2011 10:19:20" />
    <file relUrl="img/college-bsc-nolink.jpg" publishTime="08/30/2010 11:49:00" />
    <file relUrl="img/area-b.jpg" publishTime="11/06/2009 06:52:00" />
    <file relUrl="Special/Default.aspx" publishTime="03/30/2011 11:48:48" />
    <file relUrl="img/fare-cost.gif" publishTime="11/19/2008 23:00:00" />
    <file relUrl="Special/BusRail.aspx" publishTime="03/30/2011 10:26:32" />
    <file relUrl="img/survey.gif" publishTime="02/25/2010 04:16:00" />
    <file relUrl="img/adv-back.jpg" publishTime="11/02/2009 08:20:00" />
    <file relUrl="img/area-n.jpg" publishTime="11/06/2009 06:52:00" />
    <file relUrl="img/btn-visiting-o.jpg" publishTime="10/23/2009 11:05:00" />
    <file relUrl="img/college-bsc.jpg" publishTime="08/30/2010 11:49:00" />
    <file relUrl="img/btn-next.gif" publishTime="10/23/2009 11:04:00" />
    <file relUrl="img/map-nf.jpg" publishTime="10/28/2009 06:02:00" />
    <file relUrl="img/Map-BuffState-400.jpg" publishTime="10/28/2009 06:01:00" />
    <file relUrl="img/MME-background.jpg" publishTime="08/05/2010 11:19:00" />
    <file relUrl="img/btn-tranistwatch.jpg" publishTime="10/23/2009 11:04:00" />
    <file relUrl="img/syp-2009.jpg" publishTime="10/29/2009 05:44:00" />
    <file relUrl="img/card-monthly.jpg" publishTime="09/16/2010 10:57:00" />
    <file relUrl="img/headed-sabres.gif" publishTime="10/28/2009 12:03:00" />
    <file relUrl="img/fare-inflation.gif" publishTime="11/19/2008 23:00:00" />
    <file relUrl="img/btn-gameday.jpg" publishTime="10/23/2009 11:04:00" />
    <file relUrl="img/headed-sabres-o.gif" publishTime="10/28/2009 12:03:00" />
    <file relUrl="img/college-bryant-winter-nolink.jpg" publishTime="10/29/2009 06:12:00" />
    <file relUrl="img/card-30day.jpg" publishTime="03/16/2010 06:02:00" />
    <file relUrl="Tips/RideBus.aspx" publishTime="03/29/2011 14:44:50" />
    <file relUrl="img/button_trip_service.gif" publishTime="10/29/2009 06:43:00" />
    <file relUrl="img/viewSchedule-es.gif" publishTime="10/29/2009 07:06:00" />
    <file relUrl="img/headed-bisons-o.gif" publishTime="10/28/2009 12:03:00" />
    <file relUrl="bin/NFTA-Metro.dll" publishTime="04/11/2011 08:45:10" />
    <file relUrl="img/btn-advantage-employers.jpg" publishTime="10/28/2009 05:53:00" />
    <file relUrl="img/college-bryant-spring.jpg" publishTime="10/29/2009 06:12:00" />
    <file relUrl="img/btn-transit.jpg" publishTime="10/23/2009 11:05:00" />
    <file relUrl="img/fare-fiscal.gif" publishTime="11/19/2008 23:00:00" />
    <file relUrl="img/btn-transitwatch.jpg" publishTime="10/23/2009 11:05:00" />
    <file relUrl="img/2008FallReporter.jpg" publishTime="10/17/2008 00:00:00" />
    <file relUrl="img/2011-worldhockey-hot.jpg" publishTime="12/15/2010 10:55:34" />
    <file relUrl="img/btn-airport-o.jpg" publishTime="10/23/2009 11:04:00" />
    <file relUrl="img/ride-rail-o.jpg" publishTime="10/29/2009 06:51:00" />
    <file relUrl="img/poster.gif" publishTime="12/02/2008 17:31:14" />
    <file relUrl="img/gmap-transit.png" publishTime="10/29/2009 05:07:00" />
    <file relUrl="img/NFTA_kiosk2_v4_date.jpg" publishTime="12/17/2008 23:00:00" />
    <file relUrl="js/accordion.js" publishTime="09/24/2010 07:02:00" />
    <file relUrl="img/employee-pass.jpg" publishTime="10/28/2009 06:00:00" />
    <file relUrl="img/hockey-blue.gif" publishTime="12/15/2010 15:16:00" />
    <file relUrl="img/ulHome.png" publishTime="10/29/2009 05:23:00" />
    <file relUrl="Special/EmergencyRide.aspx" publishTime="03/25/2011 10:07:24" />
    <file relUrl="img/headed-bills-o.gif" publishTime="10/28/2009 12:03:00" />
    <file relUrl="img/adv-rail.jpg" publishTime="11/02/2009 08:20:00" />
    <file relUrl="img/legend1.gif" publishTime="10/29/2009 06:37:00" />
    <file relUrl="CollegeBuffaloState.aspx" publishTime="03/25/2011 14:04:28" />
    <file relUrl="img/btn-routes-schedule.gif" publishTime="10/27/2009 09:51:00" />
    <file relUrl="img/btn-prev.gif" publishTime="10/23/2009 11:04:00" />
    <file relUrl="img/btn-pal-o.jpg" publishTime="10/23/2009 11:04:00" />
    <file relUrl="img/btn-advantage-employees.jpg" publishTime="10/28/2009 05:53:00" />
    <file relUrl="img/bg-main.gif" publishTime="10/23/2009 11:06:00" />
    <file relUrl="img/college-bryant-fall.jpg" publishTime="10/29/2009 06:12:00" />
    <file relUrl="ParkRide/Lots.aspx" publishTime="04/08/2011 08:25:57" />
    <file relUrl="img/ulParkRide.png" publishTime="10/29/2009 05:23:00" />
    <file relUrl="img/map-buffalo-o.jpg" publishTime="10/28/2009 06:01:00" />
    <file relUrl="img/summitmaps.gif" publishTime="01/29/2010 07:58:00" />
    <file relUrl="img/college-ecc-nolink.jpg" publishTime="10/29/2009 06:13:00" />
    <file relUrl="img/map-rail.jpg" publishTime="10/28/2009 06:02:00" />
    <file relUrl="pdfs/reporterFall2008.txt" publishTime="09/09/2008 14:21:44" />
    <file relUrl="pdfs/MetroReporterFall2009.txt" publishTime="10/28/2009 12:45:00" />
    <file relUrl="Xtras.aspx" publishTime="03/25/2011 14:29:30" />
    <file relUrl="img/headed-hsbc.gif" publishTime="08/05/2010 12:37:00" />
    <file relUrl="College.aspx" publishTime="03/25/2011 13:59:10" />
    <file relUrl="Advantage-ma.aspx" publishTime="03/25/2011 11:48:44" />
    <file relUrl="img/billsexpress.jpg" publishTime="10/28/2009 10:41:00" />
    <file relUrl="img/bg-navHover.gif" publishTime="10/23/2009 11:06:00" />
    <file relUrl="img/headed-bills.gif" publishTime="10/28/2009 12:03:00" />
    <file relUrl="img/adv-shelter.jpg" publishTime="11/02/2009 08:20:00" />
    <file relUrl="img/btn-send.jpg" publishTime="10/23/2009 11:04:00" />
    <file relUrl="img/ECCpass.png" publishTime="10/21/2008 00:00:00" />
    <file relUrl="img/car114.jpg" publishTime="02/09/2011 11:31:52" />
    <file relUrl="img/addressinfo.gif" publishTime="10/29/2009 06:37:00" />
    <file relUrl="img/bg-banner.gif" publishTime="10/23/2009 11:06:00" />
    <file relUrl="img/btn-advantage-PAL.jpg" publishTime="10/28/2009 05:53:00" />
    <file relUrl="img/button_trip_schedule.gif" publishTime="10/29/2009 06:43:00" />
    <file relUrl="img/btn-contact.gif" publishTime="10/23/2009 11:04:00" />
    <file relUrl="img/college-bryant.jpg" publishTime="01/18/2011 08:53:06" />
    <file relUrl="img/trolley.jpg" publishTime="10/29/2009 05:23:00" />
    <file relUrl="img/btn-alert.jpg" publishTime="10/23/2009 11:04:00" />
    <file relUrl="img/riderAlert-rockstheharbor.gif" publishTime="07/16/2009 10:12:38" />
    <file relUrl="img/bg-navLink.png" publishTime="10/23/2009 11:06:00" />
    <file relUrl="img/hot-santatrain.jpg" publishTime="12/08/2010 08:43:12" />
    <file relUrl="img/ride-bus-o.jpg" publishTime="10/29/2009 06:51:00" />
    <file relUrl="img/btn-airport.jpg" publishTime="10/23/2009 11:04:00" />
    <file relUrl="bin/NFTA-Metro.xml" publishTime="04/11/2011 08:45:10" />
    <file relUrl="img/calc-ad.jpg" publishTime="03/09/2011 16:36:00" />
    <file relUrl="img/map-zone.jpg" publishTime="10/28/2009 06:02:00" />
    <file relUrl="img/btn-tranistwatch-o.jpg" publishTime="10/23/2009 11:04:00" />
    <file relUrl="img/2011-worldhockey-banner-o.jpg" publishTime="12/15/2010 11:17:30" />
    <file relUrl="img/map-erie-o.jpg" publishTime="10/28/2009 06:01:00" />
    <file relUrl="img/Map-BuffState-tn-o.jpg" publishTime="10/28/2009 06:01:00" />
    <file relUrl="img/btn-routes-schedule-o.gif" publishTime="10/27/2009 09:51:00" />
    <file relUrl="Special/FaresReduced.aspx" publishTime="03/25/2011 14:45:00" />
    <file relUrl="js/rotator.js" publishTime="02/04/2011 09:46:54" />
    <file relUrl="img/Rail-map.jpg" publishTime="10/29/2009 06:51:00" />
    <file relUrl="Rebuild.aspx" publishTime="03/25/2011 14:25:04" />
    <file relUrl="CollegeCanisius.aspx" publishTime="03/25/2011 14:01:32" />
    <file relUrl="Trip/Trip.asp" publishTime="03/31/2011 14:17:00" />
    <file relUrl="img/LaSalle.jpg" publishTime="04/16/2009 14:50:00" />
    <file relUrl="img/button_trip_stops.gif" publishTime="10/29/2009 06:43:00" />
    <file relUrl="Controls/dateTime.asp" publishTime="03/31/2011 11:11:56" />
    <file relUrl="Default.aspx" publishTime="03/23/2011 12:45:20" />
    <file relUrl="img/advantage-with.gif" publishTime="10/28/2009 06:12:00" />
    <file relUrl="Tips/Safeplace.aspx" publishTime="03/29/2011 14:47:58" />
    <file relUrl="img/world-hockey-guide.jpg" publishTime="12/17/2010 13:44:36" />
    <file relUrl="About.aspx" publishTime="03/23/2011 13:20:34" />
    <file relUrl="img/viewSchedule-es-o.gif" publishTime="10/29/2009 07:06:00" />
    <file relUrl="img/Fuel-Gauge.jpg" publishTime="10/28/2009 06:00:00" />
    <file relUrl="img/Map-AdamsMark.jpg" publishTime="10/28/2009 06:01:00" />
    <file relUrl="img/button_trip_plan.gif" publishTime="10/29/2009 06:43:00" />
    <file relUrl="img/college-canisius-nolink.jpg" publishTime="10/29/2009 06:13:00" />
    <file relUrl="img/ulMaps.png" publishTime="10/29/2009 05:23:00" />
    <file relUrl="img/btn-sent-o.jpg" publishTime="10/23/2009 11:04:00" />
    <file relUrl="img/Map-AdamsMark-400.jpg" publishTime="10/28/2009 06:01:00" />
    <file relUrl="img/ulAlerts.png" publishTime="10/29/2009 05:23:00" />
    <file relUrl="img/btn-advantage-employees-o.jpg" publishTime="10/28/2009 05:53:00" />
    <file relUrl="img/button_reset_trip_bg.gif" publishTime="10/29/2009 06:43:00" />
    <file relUrl="Trip/TripGoogle.aspx" publishTime="03/30/2011 12:03:50" />
    <file relUrl="img/Basketball.jpg" publishTime="01/28/2010 11:58:00" />
    <file relUrl="Special/Paratransit.aspx" publishTime="03/30/2011 11:47:06" />
    <file relUrl="Routes/Fares.aspx" publishTime="03/29/2011 14:55:14" />
    <file relUrl="img/area-b-o.jpg" publishTime="11/06/2009 06:52:00" />
    <file relUrl="img/legend3.gif" publishTime="10/29/2009 06:37:00" />
    <file relUrl="img/primaryNav.gif" publishTime="03/18/2011 08:33:28" />
    <file relUrl="Routes/GameDayBills.aspx" publishTime="03/29/2011 14:19:16" />
    <file relUrl="css/cssScreen.css" publishTime="04/08/2011 16:17:47" />
    <file relUrl="img/Map-AdamsMark-tn-o.jpg" publishTime="10/28/2009 06:01:00" />
    <file relUrl="img/headed-hsbc-o.gif" publishTime="08/05/2010 12:37:00" />
    <file relUrl="img/stop.gif" publishTime="10/29/2009 06:53:00" />
    <file relUrl="img/signIcon.gif" publishTime="10/29/2009 05:32:00" />
    <file relUrl="Routes/MetroMadeEasy.aspx" publishTime="03/22/2011 14:16:58" />
    <file relUrl="img/fares09.jpg" publishTime="12/18/2008 23:00:00" />
    <file relUrl="img/card-xtras.jpg" publishTime="10/29/2009 06:05:00" />
    <file relUrl="img/btn-routes-info-o.gif" publishTime="10/27/2009 09:51:00" />
    <file relUrl="pdfs/reporter3_10.txt" publishTime="03/26/2010 13:18:00" />
    <file relUrl="pdfs/reporter6_09.txt" publishTime="06/03/2009 09:20:08" />
    <file relUrl="img/btn-mondayMarket-o.gif" publishTime="08/03/2010 11:12:00" />
    <file relUrl="img/zone.gif" publishTime="10/28/2009 06:13:00" />
    <file relUrl="img/map-nf-o.jpg" publishTime="10/28/2009 06:01:00" />
    <file relUrl="img/map-erie.jpg" publishTime="10/28/2009 06:01:00" />
    <file relUrl="img/fare-balance.gif" publishTime="11/19/2008 23:00:00" />
    <file relUrl="img/btn-routes-jpg.gif" publishTime="10/27/2009 09:51:00" />
    <file relUrl="img/btn-visiting.jpg" publishTime="10/23/2009 11:05:00" />
    <file relUrl="CollegeMedaille.aspx" publishTime="03/25/2011 14:04:10" />
    <file relUrl="img/calc-btn.gif" publishTime="03/09/2011 16:09:34" />
    <file relUrl="Controls/menu_trip_planner.asp" publishTime="03/31/2011 11:11:56" />
    <file relUrl="img/gmap-park.png" publishTime="10/29/2009 05:07:00" />
    <file relUrl="Routes/GameDayBisons.aspx" publishTime="03/29/2011 14:04:30" />
    <file relUrl="img/btn-extras-o.jpg" publishTime="10/23/2009 11:04:00" />
    <file relUrl="img/subNav.gif" publishTime="07/14/2009 15:09:14" />
    <file relUrl="img/subNav-dark.gif" publishTime="01/21/2009 15:47:44" />
    <file relUrl="img/btn-heading-o.gif" publishTime="08/06/2010 09:58:00" />
    <file relUrl="img/edge-left.png" publishTime="10/17/2008 00:00:00" />
    <file relUrl="img/btn-routes-jpg-o.gif" publishTime="10/27/2009 09:51:00" />
    <file relUrl="img/survey-banner.gif" publishTime="08/12/2009 08:11:02" />
    <file relUrl="img/college-medaille.jpg" publishTime="10/29/2009 06:13:00" />
    <file relUrl="img/bg-mainNav.jpg" publishTime="10/23/2009 11:06:00" />
    <file relUrl="img/Map-AdamsMark-400-o.jpg" publishTime="10/28/2009 06:01:00" />
    <file relUrl="img/ulTripPlanner.png" publishTime="10/29/2009 05:23:00" />
    <file relUrl="img/s.gif" publishTime="10/27/2009 10:57:00" />
    <file relUrl="img/btn-transitwatch-o.jpg" publishTime="10/23/2009 11:05:00" />
    <file relUrl="js/pngfix.js" publishTime="10/23/2009 13:23:34" />
    <file relUrl="pdfs/reporter3_09.txt" publishTime="03/16/2009 12:55:02" />
    <file relUrl="img/btn-transit-fade.jpg" publishTime="10/23/2009 11:04:00" />
    <file relUrl="img/railmap.jpg" publishTime="10/29/2009 06:51:00" />
    <file relUrl="img/bg-body.jpg" publishTime="10/23/2009 11:06:00" />
    <file relUrl="Routes/ColorCode.aspx" publishTime="03/25/2011 14:21:14" />
    <file relUrl="img/takeSurvey.gif" publishTime="10/28/2009 10:49:00" />
    <file relUrl="img/btn-tripAdvanced.png" publishTime="10/23/2009 11:05:00" />
    <file relUrl="img/riderAlert-italianfestival.gif" publishTime="07/16/2009 09:44:48" />
    <file relUrl="img/safeplace.gif" publishTime="10/29/2009 06:47:00" />
    <file relUrl="img/bg-nav.jpg" publishTime="10/23/2009 11:06:00" />
    <file relUrl="img/colorcode.jpg" publishTime="10/29/2009 04:27:00" />
    <file relUrl="img/ulHowToRide.png" publishTime="10/29/2009 05:23:00" />
    <file relUrl="img/btn-tripplanner-o.jpg" publishTime="10/23/2009 11:05:00" />
    <file relUrl="img/btn-advantage.jpg" publishTime="10/28/2009 05:53:00" />
    <file relUrl="img/destinations.jpg" publishTime="10/29/2009 06:08:00" />
    <file relUrl="img/buypass.gif" publishTime="04/29/2010 07:09:00" />
    <file relUrl="img/w.gif" publishTime="09/11/2008 11:24:14" />
    <file relUrl="img/college-ub-nolink.jpg" publishTime="01/18/2011 10:19:04" />
    <file relUrl="img/btn-accesspass.jpg" publishTime="10/23/2009 11:04:00" />
    <file relUrl="img/college-bryant-winter.jpg" publishTime="10/29/2009 06:12:00" />
    <file relUrl="img/BNIA.jpg" publishTime="10/28/2009 08:42:00" />
    <file relUrl="img/logo_trip_planner.gif" publishTime="10/29/2009 06:37:00" />
    <file relUrl="Tips/RideRail.aspx" publishTime="03/29/2011 14:45:24" />
    <file relUrl="img/eccWrap.JPG" publishTime="10/29/2009 06:17:00" />
    <file relUrl="img/map-niagara-o.jpg" publishTime="10/28/2009 06:02:00" />
    <file relUrl="img/college-canisius.jpg" publishTime="10/29/2009 06:13:00" />
    <file relUrl="img/employers-pass.jpg" publishTime="10/28/2009 06:00:00" />
    <file relUrl="img/advantage-without.gif" publishTime="10/28/2009 06:12:00" />
    <file relUrl="img/btn-survey.gif" publishTime="08/06/2010 09:59:00" />
    <file relUrl="img/colorcode-sign.gif" publishTime="10/29/2009 04:27:00" />
    <file relUrl="img/bg-navHover.png" publishTime="10/23/2009 11:06:00" />
    <file relUrl="img/zonemap.jpg" publishTime="10/28/2009 06:13:00" />
    <file relUrl="img/buypasslogos.gif" publishTime="04/15/2010 06:43:00" />
    <file relUrl="img/bg-tools.gif" publishTime="10/23/2009 11:06:00" />
    <file relUrl="img/Safety-Sheet.jpg" publishTime="10/29/2009 06:47:00" />
    <file relUrl="img/college-bryant-winter-o.jpg" publishTime="10/29/2009 06:12:00" />
    <file relUrl="img/btn-transit-o.jpg" publishTime="10/23/2009 11:05:00" />
    <file relUrl="img/MME-banner.gif" publishTime="08/06/2010 13:24:00" />
    <file relUrl="img/button_stops.gif" publishTime="10/29/2009 06:43:00" />
    <file relUrl="img/college-bsc-o.jpg" publishTime="08/30/2010 11:49:00" />
    <file relUrl="js/validateERH.js" publishTime="02/01/2010 13:02:00" />
    <file relUrl="img/ultips.png" publishTime="03/18/2011 08:04:56" />
    <file relUrl="img/btn-viewall-o.gif" publishTime="10/23/2009 11:05:00" />
    <file relUrl="img/map-buffalo.jpg" publishTime="10/28/2009 06:01:00" />
    <file relUrl="img/bg-navShort.jpg" publishTime="10/23/2009 11:06:00" />
    <file relUrl="img/syp-2009-pass.jpg" publishTime="10/29/2009 05:44:00" />
    <file relUrl="js/addThisToolbar.js" publishTime="10/23/2009 07:05:00" />
    <file relUrl="img/college-bryant-fall-o.jpg" publishTime="10/29/2009 06:12:00" />
    <file relUrl="css/cssTripPlanner.css" publishTime="03/31/2011 08:19:32" />
    <file relUrl="img/btn-xtras.jpg" publishTime="10/23/2009 11:05:00" />
    <file relUrl="img/SYP.jpg" publishTime="05/03/2010 10:30:00" />
    <file relUrl="img/travel-to.gif" publishTime="09/18/2008 08:09:48" />
    <file relUrl="img/btn-tripBasic.png" publishTime="10/23/2009 11:05:00" />
    <file relUrl="img/btn-alert-2-o.jpg" publishTime="03/18/2011 14:57:52" />
    <file relUrl="img/btn-alert-2.jpg" publishTime="03/18/2011 14:58:26" />
    <file relUrl="img/parkride.gif" publishTime="11/26/2008 13:45:46" />
    <file relUrl="img/getMotivated.jpg" publishTime="08/17/2009 08:05:00" />
    <file relUrl="img/fare-panels.gif" publishTime="11/19/2008 23:00:00" />
    <file relUrl="img/takeSurvey-banner.gif" publishTime="10/28/2009 10:49:00" />
    <file relUrl="img/button_plan_trip_bg.gif" publishTime="10/29/2009 06:43:00" />
    <file relUrl="pdfs/Easter-Train.jpg" publishTime="03/26/2010 12:26:00" />
    <file relUrl="pdfs/35.jpg" publishTime="11/01/2010 11:50:00" />
    <file relUrl="Advertise.aspx" publishTime="03/25/2011 14:48:32" />
    <file relUrl="img/employers-pass-o.jpg" publishTime="10/28/2009 06:00:00" />
    <file relUrl="pdfs/MetroReporter.txt" publishTime="03/09/2011 09:07:40" />
    <file relUrl="img/ad_bus.gif" publishTime="10/20/2008 00:00:00" />
    <file relUrl="img/college-ecc-o.jpg" publishTime="10/29/2009 06:13:00" />
    <file relUrl="img/Map-BuffState-400-o.jpg" publishTime="10/28/2009 06:01:00" />
    <file relUrl="img/KISSRIDE.jpg" publishTime="05/11/2009 14:57:00" />
    <file relUrl="CollegeBryantStratton.aspx" publishTime="03/25/2011 14:04:28" />
    <file relUrl="img/adv-midas.jpg" publishTime="11/02/2009 08:20:00" />
    <file relUrl="img/google-transit.jpg" publishTime="10/17/2008 00:00:00" />
    <file relUrl="js/event-pagination.js" publishTime="07/17/2009 14:38:00" />
    <file relUrl="Routes/Airport.aspx" publishTime="03/29/2011 14:20:14" />
    <file relUrl="img/ValentinesDayArt.jpg" publishTime="02/03/2010 07:17:00" />
    <file relUrl="img/btn-alert-o.jpg" publishTime="10/23/2009 11:04:00" />
    <file relUrl="Routes/GameDaySabres.aspx" publishTime="03/29/2011 14:01:52" />
    <file relUrl="css/cssPrint.css" publishTime="10/22/2009 05:24:00" />
    <file relUrl="img/headed-coca-o.gif" publishTime="08/05/2010 12:37:00" />
    <file relUrl="img/2010-worldchamps.jpg" publishTime="12/15/2010 10:32:16" />
    <file relUrl="img/2009SpringReporter.jpg" publishTime="03/16/2009 00:00:00" />
    <file relUrl="img/pr.gif" publishTime="10/07/2010 08:46:24" />
    <file relUrl="Trip/Trip.aspx" publishTime="03/31/2011 14:34:52" />
    <file relUrl="CollegeFAQ.aspx" publishTime="03/25/2011 14:01:30" />
    <file relUrl="img/btn-contact-o.gif" publishTime="10/23/2009 11:04:00" />
    <file relUrl="img/btn-pal.jpg" publishTime="10/23/2009 11:04:00" />
    <file relUrl="img/2008WinterReporter.jpg" publishTime="01/11/2009 23:00:00" />
    <file relUrl="img/billslogo.jpg" publishTime="10/28/2009 10:41:00" />
    <file relUrl="Routes/SchedulesPrinted.aspx" publishTime="03/29/2011 09:03:22" />
    <file relUrl="img/employee-pass-o.jpg" publishTime="10/28/2009 06:00:00" />
    <file relUrl="img/Rail-Car-Rebuild-Fact-Sheet.jpg" publishTime="02/09/2011 11:39:52" />
    <file relUrl="img/calc-bg.jpg" publishTime="03/09/2011 16:20:14" />
    <file relUrl="Controls/PopularLocations.ascx" publishTime="03/31/2011 09:18:12" />
    <file relUrl="img/btn-survey-o.gif" publishTime="08/06/2010 09:59:00" />
    <file relUrl="img/ride-bus.jpg" publishTime="10/29/2009 06:51:00" />
    <file relUrl="img/legend4.gif" publishTime="10/29/2009 06:37:00" />
    <file relUrl="img/billsfans.jpg" publishTime="10/29/2009 04:19:00" />
    <file relUrl="img/btn-accesspass-o.jpg" publishTime="10/23/2009 11:04:00" />
    <file relUrl="CollegeCollegiate.aspx" publishTime="03/25/2011 13:47:20" />
    <file relUrl="pdfs/5.jpg" publishTime="11/01/2010 11:53:00" />
    <file relUrl="HeadingToEvent.aspx" publishTime="03/18/2011 14:06:26" />
    <file relUrl="Tips/Safety.aspx" publishTime="03/29/2011 14:48:56" />
    <file relUrl="Metro.Master" publishTime="04/11/2011 08:42:31" />
    <file relUrl="img/college-bryant-nolink.jpg" publishTime="01/18/2011 08:58:02" />
    <file relUrl="img/bg-sidebar.jpg" publishTime="10/23/2009 11:06:00" />
    <file relUrl="img/holidayBell.gif" publishTime="11/22/2010 07:50:00" />
    <file relUrl="img/map-zone-o.jpg" publishTime="10/28/2009 06:02:00" />
    <file relUrl="img/btn-mondayMarket.gif" publishTime="08/03/2010 12:12:00" />
    <file relUrl="img/btn-gameday-o.jpg" publishTime="10/23/2009 11:04:00" />
    <file relUrl="bin/NFTA-Metro.XmlSerializers.dll" publishTime="04/11/2011 08:45:12" />
    <file relUrl="img/advantage-with-pal.gif" publishTime="10/28/2009 06:12:00" />
    <file relUrl="img/PAL-pass.jpg" publishTime="10/28/2009 06:14:00" />
    <file relUrl="img/gmap-shadow.png" publishTime="10/29/2009 05:07:00" />
    <file relUrl="img/college-medaille-nolink.jpg" publishTime="10/29/2009 06:13:00" />
    <file relUrl="img/btn-tripAdvanced-o.png" publishTime="10/23/2009 11:05:00" />
    <file relUrl="img/btn-routes-info.gif" publishTime="10/27/2009 09:51:00" />
    <file relUrl="Advantage.aspx" publishTime="03/29/2011 14:52:08" />
    <file relUrl="img/mapKey.gif" publishTime="10/29/2009 05:04:00" />
    <file relUrl="CollegeUB.aspx" publishTime="03/25/2011 14:02:38" />
  </publishTarget>
</publishData>